{"cameraMode":{"drawMode":0,"name":"Shaded","section":"Shading Mode"},"sceneLighting":false,"audioPlay":false,"sceneViewState":{"showFog":true,"showMaterialUpdate":false,"showSkybox":false,"showFlares":true,"showImageEffects":true,"showParticleSystems":true,"showVisualEffectGraphs":true,"m_FxEnabled":true},"in2DMode":false,"pivot":{"x":-0.30480921268463137,"y":-0.14783556759357453,"z":-0.19847559928894044},"rotation":{"x":-0.15048320591449738,"y":0.7128855586051941,"z":-0.16114488244056703,"w":-0.6657204031944275},"size":1.759115219116211,"orthographic":false}